candidate_id,sampling_stratum,title,abstract_missing,best_rank
OA0040,title_only__01_20,Quantifying the impact of hybrid heat pump uptake in a flexibly operated UK urban low-voltage distribution network,1,7
OA0041,title_only__01_20,Will domestic consumers take up the renewable heat incentive? An analysis of the barriers to heat pump adoption using agent-based modelling,1,7
OA0042,abstract__01_20,Consumers’ Preferences for Heat Pumps: A Choice Experiment Approach,0,8
OA0044,abstract__01_20,Heat Pump Control in Urban Buildings: Methods and Deployment Barriers,0,8
OA0045,abstract__01_20,How Heat Pumps Can Bring Relief to Households,0,8
OA0046,abstract__01_20,Model Predictive Control Applied to Ground Source Heat Pumps,0,8
OA0047,abstract__01_20,Understanding energy cultures of space heating in Aotearoa New Zealand: a desktop review of slow ground source heat pump uptake,0,8
OA0048,title_only__01_20,Accelerating Residential Heat Pump Adoption,1,9
OA0049,title_only__01_20,Consumers or users? The impact of user learning about smart hybrid heat pumps on policy trajectories for heat decarbonisation,1,9
OA0050,title_only__01_20,Experimental evidence on heat pump and retrofit subsidies,1,9
OA0051,title_only__01_20,Factors influencing the uptake of heat pump technology by the UK domestic sector,1,9
OA0052,abstract__01_20,Heat Pump Control in Urban Buildings: Methods and Deployment Barriers,0,9
OA0053,title_only__01_20,Thermodynamic analysis and experimental investigation of a CO2 household heat pump dryer,1,9
OA0054,title_only__01_20,Accelerating Residential Heat Pump Adoption,1,10
OA0055,abstract__01_20,Evaluating carbon emissions reduction due to the uptake of heat pumps,0,10
OA0056,abstract__01_20,Heat Pump Control in Urban Buildings: Methods and Deployment Barriers,0,10
OA0057,title_only__01_20,Heat Pumps and Household Energy Consumption in Norway,1,10
OA0058,abstract__01_20,Media Behaviour of Consumers in the Product Category of Air Conditioners and Heat Pumps.,0,10
OA0059,abstract__01_20,The design of a residential water-to-water heat pump,0,10
OA0108,abstract__01_20,Consumer life-cycle cost impacts of energy-efficiency standards for residential-type central air conditioners and heat pumps,0,20
OA0109,abstract__01_20,Economic MPC for a Flemish household with PV and a heat pump,0,20
OA0184,title_only__21_50,"Domestic heat pumps in the UK: user behaviour, satisfaction and performance",1,34
OA0185,title_only__21_50,Overcoming internal barriers to implement strategy effectively Case the Ramk's Heat Pump Test Centre,1,34
OA0220,abstract__21_50,How do heat demand and energy consumption change when households transition from gas boilers to heat pumps in the UK,0,40
OA0221,abstract__21_50,Optimal Operational Planning for a Heat Pump Space Cooling System with Ice Bank Based on the Log Barrier Method.,0,41
OA0222,title_only__21_50,Willingness-to-pay for renewable energy: Primary and discretionary choice of British households' for micro-generation technologies,1,41
OA0223,title_only__21_50,Breaking the 100°C Barrier: Advanced Ammonia Heat Pump System for High-Temperature Industrial Applications,1,42
OA0224,abstract__21_50,The Effect and Potential of Heat Pump Technology,0,42
OA0225,abstract__21_50,Tunable Metal–Organic Frameworks Enable High-Efficiency Cascaded Adsorption Heat Pumps,0,42
OA0226,abstract__21_50,WILLINGNESS TO PAY FOR SUSTAINABLE TOURISM IN WESTERN ROMANIA: A CONTINGENT VALUATION ANALYSIS,0,42
OA0227,abstract__21_50,Enhancement of heat transfer for ground source heat pump systems,0,43
OA0230,abstract__21_50,Non-technical barriers for industrial heat pump adoption. Insights from supply chain workshops and end user case studies,0,43
OA0231,title_only__21_50,Scalable Strategy for Heat Pump Adoption: Community-Based Events with Behavioural Design,1,43
OA0232,title_only__21_50,The comfort rebound from heat pumps and impact on household cooling behaviour and energy security,1,43
OA0233,abstract__21_50,Heat Pumps and Photovoltaic Systems Optimization,0,44
OA0234,abstract__21_50,Heat Pumps Using Organometallic Liquid Absorbents,0,44
OA0235,title_only__21_50,IEA HPP Annex 29 - Ground-Source Heat Pumps Overcoming Technical and Market Barriers - Status Report Norway,1,44
OA0236,abstract__21_50,"Net-demand duration data, with extensive heat pump adoption, simulated for UK",0,44
OA0237,title_only__21_50,The proof of the pudding is in the heating: A field experiment on household engagement with heat pump flexibility,1,44
OA0238,abstract__21_50,Waste Heat Recovery Using a Circulating Heat Medium Loop,0,44
OA0239,abstract__21_50,Guidebook to water-source heat pumps,0,45
OA0248,abstract__21_50,An energy analysis methodology for residential heat pump retrofits,0,47
OA0249,title_only__21_50,Evaluating the cost of heat for end users in ultra low temperature district heating networks with booster heat pumps,1,47
OA0252,abstract__21_50,How to Reduce Low-Stack Emissions? An Assessment of the Willingness of Residents of Single-Family Houses to Replace Fossil Fuel Heating Systems,0,47
OA0253,abstract__21_50,Message Format and Psychological Reactance in Innovative Heat Pump Adoption: A Construal Level Perspective,0,47
OA0254,abstract__21_50,domOS Sion Living Lab: Household and Heat Pump Electricity Consumption Data,0,48
OA0255,title_only__21_50,Energy consumption modeling of air source electric heat pump water heaters,1,48
OA0256,abstract__21_50,Heat current in a parametric quantum pump,0,48
OA0257,title_only__21_50,Heat pump efficiency in fifth generation ultra-low temperature district heating networks using a wastewater heat source,1,48
OA0271,title_only__51_100,Adoption of Renewable Home Heating Systems: An Agent-Based Modeling of Heat Pump Systems in Ireland,1,51
OA0272,title_only__51_100,Forecasting the adoption of residential ductless heat pumps,1,51
OA0273,title_only__51_100,Heat Pumps and Heat Recovery,1,51
OA0274,abstract__51_100,Rooftop Photovoltaics and the Urban Heat Island in the Las Vegas Valley,0,51
OA0275,abstract__51_100,Theoretical heating coefficient of a heat pump water heater with heat recovery applied in household bathing room,0,51
OA0276,abstract__51_100,A heat pump at a molecular scale controlled by a mechanical force,0,52
OA0277,abstract__51_100,Achieving Net Zero: How Could User Feedback Be Leveraged to Promote Domestic Heat Pump Adoption in Scotland?,0,52
OA0320,abstract__51_100,Predicting the energy performance of retrofit domestic heat pumps,0,59
OA0321,abstract__51_100,Using water in distillation systems heat pumps,0,59
OA0322,title_only__51_100,A high-resolution spatio-temporal energy demand simulation to explore the potential of heating demand side management with large-scale heat pump diffusion,1,60
OA0323,abstract__51_100,Assessing the performance of ground source heat pumps in neighboring medium-size households,0,60
OA0324,abstract__51_100,Conversion of the UK gas system to transport hydrogen,0,60
OA0325,abstract__51_100,Decarbonising heat with optimal PV and storage investments: A detailed sector coupling modelling framework with flexible heat pump operation,0,60
OA0326,title_only__51_100,"Development of efficient, flexible and affordable heat pumps for supporting heat and power decarbonisation in the UK and beyond: Review and perspectives",1,60
OA0327,title_only__51_100,A new methodology of studying the dynamics of water sorption/desorption under real operating conditions of adsorption heat pumps: Experiment,1,61
OA0328,title_only__51_100,Combined Heat Pump and Solar Collector Application,1,61
OA0329,abstract__51_100,Energieffektivisering av fördelningsstationer : Kartläggning och energieffektiviseringsförslag för fyra av Umeå Energi Elnäts fördelningsstationer,0,61
OA0350,title_only__51_100,Modelling the carbon-saving performance of domestic ground-source heat pumps,1,65
OA0351,abstract__51_100,Theoretical and Experimental Investigation of Mass and Heat Transfer in the Drum in Household Heat Pump Laundry Dryers,0,65
OA0352,abstract__51_100,A Probabilistic Model for Characterising Heat Pump Electrical Demand versus Temperature,0,66
OA0353,abstract__51_100,Heat Pump Use in the Federal Republic of Germany,0,66
OA0354,abstract__51_100,Social and market acceptance of photovoltaic panels and heat pumps in Europe: A literature review and survey,0,66
OA0355,abstract__51_100,Soft Sensors for Estimating Laundry Weight in Household Heat Pump Tumble Dryers,0,66
OA0356,title_only__51_100,Switching from Fossil Fuel to Renewables in Residential Heating Systems: An Empirical Study of Homeowners’ Decisions in Germany,1,66
OA0357,abstract__51_100,The Work to Make a Heat Pump Work – Investigation into the Adoption of Domestic Heat Pumps through Social Practice and Complex Systems,0,66
OA0358,title_only__51_100,Advanced cooling heat pump and desalination employing functional UiO-66 (Zr) metal-organic frameworks,1,67
OA0359,title_only__51_100,Carbon and energy cost impacts of electrification of space heating with heat pumps in the US,1,67
OA0390,abstract__51_100,Restvärmetillförsel i Ludvikas Fjärrvärmesystem : Påverkan på befintlig värmeproduktion vid olika inkopplingsscenarier av 60°C restvärme,0,73
OA0391,abstract__51_100,Spatial adoption patterns of residential heat pumps and their impact on the grid,0,73
OA0392,abstract__51_100,Alternative Defrost Strategies for Residential Heat Pumps,0,74
OA0393,abstract__51_100,Respiratory health of Pacific Islands immigrants and preferences for indoor air quality determinants in New Zealand,0,74
OA0394,abstract__51_100,Studies Of Research And Improvements On Energy Consumption Of A Household Laundry Dryer With Heat Pump,0,74
OA0395,abstract__51_100,Towards optimum specifications of adsorbent for heat pump and refrigeration applications,0,74
OA0396,abstract__51_100,Use of heat pumps in CHP with cross-connections in a context of waste heat deficit,0,74
OA0397,abstract__51_100,Can reduction of local carbon emissions motivate participation in demand-side flexibility programs? Evidence from the United Kingdom,0,75
OA0398,title_only__51_100,Hosting capacity assessment of heat pumps and optimised electric vehicle charging on low voltage networks,1,75
OA0399,title_only__51_100,Numerical simulation for the optimum design of ground source heat pump system using building foundation as horizontal heat exchanger,1,75
OA0490,abstract__51_100,Development of a high-resolution top-down model to estimate actual household-level heat pump electricity consumption,0,92
OA0491,title_only__51_100,Future flexibility of the EU27 heat pump heated residential building stock,1,92
OA0492,title_only__51_100,"Impact of widespread adoption of heat pumps on peak demand for electricity, net of wind generation",1,92
OA0493,abstract__51_100,MATHEMATICAL MODELING OF NON-STATIONARY HEAT PROCESSES IN THE GROUND HEAT PUMP SYSTEM,0,92
OA0494,abstract__51_100,Variable capacity heat pump program development roadmap,0,92
OA0495,title_only__51_100,Design of a water-CO2 evaporator : adoption of a carbon dioxide heat pump to geothermal conditions,1,93
OA0496,abstract__51_100,Experimental Study on Household Air Source Heat Pump System Combined Floor Radiation Heating,0,93
OA0497,title_only__51_100,Generalized model and optimum performance of an irreversible thermal Brownian microscopic heat pump,1,93
OA0498,abstract__51_100,Hurdling barriers through market uncertainty: Case studies ininnovative technology adoption,0,93
OA0499,abstract__51_100,Modeling and investigation of the performance of a solar-assisted ground-coupled CO2 heat pump for space and water heating,0,93
