candidate_id,openalex_id,doi,title,publication_year,publication_date,work_type,language,abstract,abstract_missing,landing_page_url,query_arms,best_rank,screening_decision,screening_reason,reviewer,adjudication_status
OA0526,https://openalex.org/W3082955777,10.1016/j.renene.2020.08.147,Test investigation of operation performance of novel split-type ground source heat pump systems for clean heating of rural households in North China,2020,2020-08-31,article,en,,1,https://doi.org/10.1016/j.renene.2020.08.147,household,98,,,,
OA0527,https://openalex.org/W4285705800,10.46855/energy-proceedings-1426,Control Strategy of Household Air-Source Heat Pump-Floor Radiant Heating System Considering Thermal Comfort,2020,2020-02-25,preprint,en,"With heat pump(HP) heating getting popular in China, a control strategy for air source heat pump-lowtemperature hot water floor radiant heating system (AHPFHS) is required to reduce the operating cost of the it.Model of household AHPFHS was established based on the characteristics of the equipment.The forecast data from weather stations was utilized to build the residential building thermal load model based on the heat balance equation.A rolling optimization control method was proposed.Considering thermal comfort of the customers, the indoor temperature set-point was scheduled for the lowest operating cost of the AHPFHS.A typical case was built to validate the feasibility of the proposed method.Numerical studies show that the proposed control method is able to effectively reduce the operating cost of the system.",0,https://doi.org/10.46855/energy-proceedings-1426,household,99,,,,
OA0528,https://openalex.org/W3158259062,10.1002/cite.202000239,Dealuminated Y Zeolite for Water‐Driven Adsorption Heat Pumps: Hydrothermal Stability,2021,2021-05-03,article,en,"Abstract Silica gel or zeolites AlPO‐5 and SAPO‐34 are recommended as adsorbents in water‐driven heat pumps because of their selective water uptake. Secondary energy, like solar energy, can be used for regeneration of loaded adsorbers. In case of the availability of only low energy levels, the use of dealuminated Y zeolite (DAY) is the better choice because of the infinitely variation of its hydrophilic properties by tailoring of the framework Si/Al ratio. Actual data on the hydrothermal stability of DAY are lacking. Thus, we report on the long‐term behavior of DAY zeolites with different Si/Al ratios.",0,https://doi.org/10.1002/cite.202000239,uptake,99,,,,
OA0529,https://openalex.org/W4213450112,10.1007/978-3-030-76221-6_13,Development of Innovative Technologies for Solar-Assisted Heat Pump for Residential Heat Supply,2022,2022-01-01,book-chapter,en,,1,https://doi.org/10.1007/978-3-030-76221-6_13,barrier,99,,,,
OA0530,https://openalex.org/W2607435317,10.3390/en10040559,Frequency Control Ancillary Service Provided by Efficient Power Plants Integrated in Queuing-Controlled Domestic Water Heaters,2017,2017-04-19,article,en,"Frequency is an important parameter of a power system. It is of great significance to maintain its stability, especially in the current development scenario of large-scale interconnected power systems. Thermostatically controlled appliances (TCAs) are good controllable resources for demand response owing to their rapid response capabilities and relatively wide controllable ranges. In this study, domestic water heaters, which have wider deadbands compared with other typical TCAs, such as heat pumps, are used as frequency regulation resources. The main contribution of this paper is that it proposes a queuing-controlled strategy with lock-on and off constraints for controlling an efficient power plant consisting of water heaters (EPP-WH). The queuing-controlled strategy enables TCAs to provide frequency regulation ancillary service for the normal operation of the power system. The thermal dynamic process of the water heater and the formation of the EPP-WH are first discussed. Based on the developed model, a series of strategies are proposed, including load shedding calculation, top layer optimization, and improved temperature priority list (TPL) strategy with lock-on and off constraints. Finally, typical case studies are discussed to illustrate the frequency regulation effects and the effects of two characteristic parameters—users’ willingness and lock time limits. Reasonable targets are generated based on various consideration from top layer optimization module. The results indicate that using the model and proposed strategies, the EPP-WH has good frequency regulation performance.",0,https://doi.org/10.3390/en10040559,willingness,99,,,,
OA0531,https://openalex.org/W4224059050,10.1007/s12053-022-10029-w,Market spoiling and ineffectual policy have impeded the adoption of heat pump water heating for US buildings and industry,2022,2022-04-01,article,en,,1,https://doi.org/10.1007/s12053-022-10029-w,adoption,99,,,,
OA0532,https://openalex.org/W2306487188,,New International Standard for Heat Pump Water Heater,2015,2015-06-01,article,ko,"This paper summarizes a new work item project to develop a new international standard (ISO) for heat pump water heater, which have increased dramatically in several countries including: China, Japan, and some european countries such as France, Germany and Denmark last couple of years. The experts said if the technology of heat pump water heater was adopted in place of less efficient technologies such as electric resistance heating, and sales achieved a 10% market share, it could save almost 1.3 billion kilowatt-hours of energy annually. Furthermore, with estimated annual household savings of $290 (ENERGY STAR, 2009), consumers would benefit from lower utility bills. New working group 12 under ISO TC86 SC6 was established with national experts, China, France, Japan, Italy, and Korea to develop a new standard as “Heat pump water heaters - Testing and rating for performance? Part 1: Domestic hot water supply heat pump water heater, and Part 2: Commercial/Industrial hot water supply heat pump water heater” next 4 years.",0,http://www.dbpia.co.kr/Article/NODE06382545,consumer,99,,,,
OA0533,https://openalex.org/W4401547534,10.1016/j.enbuild.2024.114656,A multi-valve flexible heat pump system with latent thermal energy storage for defrosting operation,2024,2024-08-13,article,en,"There has been growing interest in using air-source heat pumps as an alternative to potentially replace fossil-fuel-based heating technologies for heat decarbonisation. One of the technical issues that hinders the wide uptake of air source heat pumps is the decreasing energy efficiency caused by frequent defrosting operations under low ambient temperatures. Currently, the most widely used defrosting method is the reverse-cycle defrosting but this operation would have to interrupt the heating supply during the defrosting process. The authors recently proposed, developed, and demonstrated a flexible heat pump concept that recovers partial of the subcooled heat from the hot refrigerant exiting the condenser and stores it in an integrated thermal storage. The stored heat could later be used to save compressor power and defrosting applications. In this paper, we proposed an innovative method by using a multi-valve design of the flexible heat pump to achieve the defrosting function. In this new concept, defrosting is achieved by condensing the refrigerant inside the evaporator and simultaneously ensuring uninterrupted heating during the heat storage discharge process. A model has been established to study the heat pump performance during a full charge/discharge cycle of the storage. Results indicated that with R410a, R134a and R1234yf, the proposed flexible heat pump has the potential to respectively save up to 11.2%, 10.8% and 13.2% of compressor power, in comparison with a heat pump using the conventional reverse cycle defrosting method. Concurrently with the defrosting operation, the same heating capacity is ensured without interruption by the flexible heat pump.",0,https://doi.org/10.1016/j.enbuild.2024.114656,uptake,100,,,,
OA0534,https://openalex.org/W2520903039,10.11367/grsj.32.229,Adoption of Suitability Area for Ground-coupled Heat Pump Systems 1st paper Development of Suitability Maps for Ground-coupled Heat Pump Systems Using Groundwater Flow / Heat Transport Modeling and Geographic Information System,2010,2010-10-25,article,en,,1,https://www.jstage.jst.go.jp/article/grsj/32/4/32_4_229/_pdf,adoption,100,,,,
OA0535,https://openalex.org/W3205744999,10.3846/mla.2021.15272,CASE ANALYSIS OF HEAT PUMP INTEGRATION IN DISTRICT HEATING SYSTEM,2021,2021-10-11,article,en,"The installation of heat pumps in district heating (DH) systems is one of the most promising technologies to increase the efficiency of heat supply by using renewable energy sources and reducing heat carrier temperatures in the networks. The possibilities of installing heat pumps in DH systems are very wide, but most often the main purpose of their application is to increase the temperature of the supplied heat carrier at the heat substations of individual consumers or their groups. This paper describes a study that analyzed the possibilities of integrating an individual heat pump at a heat substation in a building to reduce the temperature of the heat carrier in the return line. The results of the study revealed the dependences of the reduction of the heat demand of the building from the DH network, the power of the heat pump, the coefficient of performance (COP), and the reduction of the return temperature.",0,https://doi.org/10.3846/mla.2021.15272,consumer,100,,,,
OA0536,https://openalex.org/W27914492,,Energiebesparing in de bestaande woningvoorraad: Een onderzoek naar de bereidheid van eigenaar-bewoners om energiebesparende maatregelen toe te passen.,2009,2009-11-04,dissertation,en,"This study addressed the occupant owners’ preferences in deciding about innovative renovation concepts. Respondents were asked to choose between two rendered images representing a terrace house built from 1946 to 1976. Every image consisted of six characteristics or attributes, namely insulation of the outer wall, technical measures, simple payback time, inconvenience during the work, the attitude and behavior of the owner, and the increase of comfort. The results showed that occupant-owners do prefer renovation concepts that do not change the façade (Light insulation). Respondents did not appreciate the idea of zoning. They preferred technical measures like solar boiler or heat pump. Higher levels of comfort, i.e. more functional floor space, might significantly contribute to higher acceptance of ambitious renovation concepts. This might be one way to compensate for disadvantages such as investments and inconvenience during the works. Simple payback time seems to become unacceptable when it exceeds the threshold of about 14 years. Regarding inconvenience, respondents clearly preferred to stay at home during the works. Finally, this study clearly shows that respondents in some way are willing to make behavioral choices by preferring white-line household appliances with A++ labels. However, it seems unacceptable to them to adjust their behavior such as that they refrain from using household appliances.",0,http://resolver.tudelft.nl/uuid:95102e00-3262-4680-b7d7-20b43711b11a,willingness,100,,,,
OA0537,https://openalex.org/W2921782198,10.1016/j.egypro.2019.01.902,Ground source heat pump status and supportive energy policies in Japan,2019,2019-02-01,conference-paper,en,"Ground source heat pump (GSHP) systems are energy-efficient technologies to provide low-carbon heating and cooling demands for the buildings. However, deployment of the GSHP systems in Japan is limited mainly due to the relatively high drilling costs for placement of the ground heat exchangers (GHEs), in comparison with EU and North American countries. This study is providing the historical data of deployment of different types of the GSHP systems in Japan, the supportive public policies and incentives for installation of GSHP systems. Finally, the barriers for the further utilization of the GSHP systems in Japanese buildings are discussed and solutions are suggested.",0,https://doi.org/10.1016/j.egypro.2019.01.902,barrier,100,,,,
OA0538,https://openalex.org/W4285404883,10.1016/j.ref.2022.07.002,"Why German households won’t cover their roofs in photovoltaic panels: And whether policy interventions, rebound effects and heat pumps might change their minds",2022,2022-07-14,article,en,"Rooftop photovoltaics in Germany generate around 15 TWh of electricity per year, and there is sufficient roof area to increase this many times over. Germany’s transition to renewable electricity requires large increases in rooftop and field-based photovoltaics. However, for household systems, each kWh fed into the grid pays only €0.0653, while households gain a marginal benefit of €0.334 for each kWh of their own electricity they consume. This deters households from installing large rooftop systems, where a large proportion of self-generated electricity is fed into the grid. This study uses cost-benefit analyses based on quarter-hourly electricity data, to estimate economically optimum sized photovoltaic systems, for a typical detached house. It finds that, for a range of battery sizes, optimal systems generate about the same amount as the household consumes, but use only about half of available roof space. Heat pumps and rebound effects increase this slightly. A subsidy of 10eurocents/kWh for grid feed-in would make the largest systems the most profitable, but this would bring further problems. Policymakers should aim for more households to adopt photovoltaics, rather than recommending larger systems for those who do. They should also promote the synergy between heat pumps and photovoltaics.",0,https://doi.org/10.1016/j.ref.2022.07.002,household,100,,,,
