cluster_id,normalized_title,candidate_ids,dois,publication_years,titles
VC001,accelerating industrial heat electrification in europe barriers and policy recommendations to heat pump adoption,OA0099;OA0105;OA0113;OA0119,10.23697/vq9a-ap14;10.5281/zenodo.20664590;10.5281/zenodo.20664591;10.5281/zenodo.20664499,2026;2026;2026;2026,Accelerating Industrial Heat Electrification in Europe: Barriers and Policy Recommendations to Heat Pump Adoption | Accelerating Industrial Heat Electrification in Europe: Barriers and Policy Recommendations to Heat Pump Adoption | Accelerating Industrial Heat Electrification in Europe: Barriers and Policy Recommendations to Heat Pump Adoption | Accelerating Industrial Heat Electrification in Europe: Barriers and Policy Recommendations to Heat Pump Adoption
VC002,the economic determinants of heat pump adoption,OA0005;OA0012;OA0018;OA0024,10.3386/w31344;10.1086/727881;10.2139/ssrn.4483647;10.2139/ssrn.4475942,2023;2024;2023;2023,The Economic Determinants of Heat Pump Adoption | The Economic Determinants of Heat Pump Adoption | The Economic Determinants of Heat Pump Adoption | The Economic Determinants of Heat Pump Adoption
VC003,contractor training and heat pump adoption,OA0033;OA0037;OA0043,10.1257/rct.18831-1.1;10.1257/rct.18831-1.0;10.1257/rct.18831,2026;2026;2026,Contractor Training and Heat Pump Adoption | Contractor Training and Heat Pump Adoption | Contractor Training and Heat Pump Adoption
VC004,field performance of heat pump water heaters in the northeast,OA0448;OA0485;OA0503,10.2172/1096118;10.2172/1238325;10.2172/1239736,2013;2016;2016,Field Performance of Heat Pump Water Heaters in the Northeast | Field Performance of Heat Pump Water Heaters in the Northeast | Field Performance of Heat Pump Water Heaters in the Northeast
VC005,heat pump control in urban buildings methods and deployment barriers,OA0044;OA0052;OA0056,10.82491/opusthd-521;10.5281/zenodo.22215880;10.5281/zenodo.22215879,2026;2026;2026,Heat Pump Control in Urban Buildings: Methods and Deployment Barriers | Heat Pump Control in Urban Buildings: Methods and Deployment Barriers | Heat Pump Control in Urban Buildings: Methods and Deployment Barriers
VC006,switching from fossil fuel to renewables in residential heating systems an empirical study of homeowners decisions in germany,OA0293;OA0356;OA0416,10.1016/j.enpol.2015.11.018;10.2139/ssrn.2413400,2015;2013;2014,Switching from fossil fuel to renewables in residential heating systems: An empirical study of homeowners' decisions in Germany | Switching from Fossil Fuel to Renewables in Residential Heating Systems: An Empirical Study of Homeowners’ Decisions in Germany | Switching from Fossil Fuel to Renewables in Residential Heating Systems: An Empirical Study of Homeowners’ Decisions in Germany
VC007,accelerating heat pump adoption in switzerland an agent based policy assessment,OA0088;OA0104,10.1016/j.enpol.2025.114718;10.2139/ssrn.5183936,2025;2025,Accelerating heat pump adoption in Switzerland: An agent-based policy assessment | Accelerating Heat Pump Adoption in Switzerland: An Agent-Based Policy Assessment
VC008,accelerating residential heat pump adoption,OA0048;OA0054,10.1257/rct.18406-1.0;10.1257/rct.18406,2026;2026,Accelerating Residential Heat Pump Adoption | Accelerating Residential Heat Pump Adoption
VC009,achieving net zero how could user feedback be leveraged to promote domestic heat pump adoption in scotland,OA0277;OA0282,10.3390/su16177833;10.2139/ssrn.4698736,2024;2024,Achieving Net Zero: How Could User Feedback Be Leveraged to Promote Domestic Heat Pump Adoption in Scotland? | Achieving Net Zero: How Could User Feedback Be Leveraged to Promote Domestic Heat Pump Adoption in Scotland?
VC010,adoption of renewable home heating systems an agent based model of heat pump systems in ireland,OA0468;OA0523,,2020;2020,Adoption of renewable home heating systems: An agent-based model of heat pump systems in Ireland | Adoption of Renewable Home Heating Systems: An Agent-Based Model of Heat Pump Systems in Ireland
VC011,agent based modelling approach to explore efficacy of policies for heat pump uptake,OA0007;OA0013,10.1016/j.sftr.2025.101601;10.2139/ssrn.5292477,2025;2025,Agent-based modelling approach to explore efficacy of policies for heat pump uptake | Agent-Based Modelling Approach to Explore Efficacy of Policies for Heat Pump Uptake
VC012,can reduction of local carbon emissions motivate participation in demand side flexibility programs evidence from the united kingdom,OA0332;OA0397,10.21203/rs.3.rs-3411509/v1;10.1016/j.apenergy.2025.125610,2023;2025,Can reduction of local carbon emissions motivate participation in demand-side flexibility programs? Evidence from the United Kingdom | Can reduction of local carbon emissions motivate participation in demand-side flexibility programs? Evidence from the United Kingdom
VC013,domos sion living lab household and heat pump electricity consumption data,OA0245;OA0254,10.5281/zenodo.8238570;10.5281/zenodo.8238569,2023;2023,domOS Sion Living Lab: Household and Heat Pump Electricity Consumption Data | domOS Sion Living Lab: Household and Heat Pump Electricity Consumption Data
VC014,effects of technological development and electricity price reductions on adoption of residential heat pumps in ontario canada,OA0462;OA0478,10.1007/s40095-018-0263-y,2018;2017,"Effects of technological development and electricity price reductions on adoption of residential heat pumps in Ontario, Canada | Effects of Technological Development and Electricity Price Reductions on Adoption of Residential Heat Pumps in Ontario, Canada"
VC015,energy efficiency improvements of household heat pump systems,OA0026;OA0120,,2011;2011,ENERGY EFFICIENCY IMPROVEMENTS OF HOUSEHOLD HEAT PUMP SYSTEMS | ENERGY EFFICIENCY IMPROVEMENTS OF HOUSEHOLD HEAT PUMP SYSTEMS
VC016,financial environmental impacts of industrial high temperature heat pump adoption,OA0175;OA0179,10.25394/pgs.33095495.v1;10.25394/pgs.33095495,2026;2026,Financial & Environmental Impacts of Industrial High Temperature Heat Pump Adoption | Financial & Environmental Impacts of Industrial High Temperature Heat Pump Adoption
VC017,heat and mass transfer considerations in advanced heat pump systems,OA0318;OA0334,10.4271/929148,1992;1992,Heat and Mass Transfer Considerations in Advanced Heat Pump Systems | Heat and mass transfer considerations in advanced heat pump systems
VC018,how do heat demand and energy consumption change when households transition from gas boilers to heat pumps in the uk,OA0220;OA0449,10.1016/j.enbuild.2023.113183;10.2139/ssrn.4404672,2023;2023,How do heat demand and energy consumption change when households transition from gas boilers to heat pumps in the UK | How Do Heat Demand and Energy Consumption Change When Households Transition from Gas Boilers to Heat Pumps in the UK
VC019,inferring households heterogeneous preferences for home energy efficiency investment trade offs all or nothing,OA0299;OA0319,10.2139/ssrn.6277823;10.2139/ssrn.6864573,2026;2026,Inferring households’ heterogeneous preferences for home energy efficiency investment trade-offs: all or nothing? | Inferring households’ heterogeneous preferences for home energy efficiency investment trade-offs: all or nothing?
VC020,model predictive control lowers barriers to adoption of heat pump water heaters a field study,OA0177;OA0215,10.1016/j.enconman.2025.120723;10.48550/arxiv.2510.12955,2025;2025,Model predictive control lowers barriers to adoption of heat-pump water heaters: A field study | Model predictive control lowers barriers to adoption of heat-pump water heaters: A field study
VC021,public perceptions of finance options for retrofit shared loop ground source heat pumps,OA0150;OA0155,10.2139/ssrn.4990109;10.1016/j.enpol.2025.114586,2024;2025,Public Perceptions of Finance Options for Retrofit Shared-Loop Ground Source Heat Pumps | Public perceptions of finance options for retrofit shared-loop ground source heat pumps
VC022,regionalizing the thermodynamic barriers to heat pump adoption in the united states from first principles analysis,OA0192;OA0199,10.36227/techrxiv.23065739.v1;10.36227/techrxiv.23065739,2023;2023,Regionalizing the thermodynamic barriers to heat pump adoption in the United States from first principles analysis | Regionalizing the thermodynamic barriers to heat pump adoption in the United States from first principles analysis
VC023,supporting data and results for residential adoption and grid impacts of heat pumps depend on equipment efficiency and rebates,OA0442;OA0450,10.5281/zenodo.22258625;10.5281/zenodo.22258626,2026;2026,"Supporting Data and Results for ""Residential adoption and grid impacts of heat pumps depend on equipment efficiency and rebates"" | Supporting Data and Results for ""Residential adoption and grid impacts of heat pumps depend on equipment efficiency and rebates"""
VC024,the adoption of ground source heat pumps at multiple scales in north america,OA0401;OA0428,10.14288/1.0223152;10.70675/24a3208az6062z4fbez8454z7d87fbbbe8a1,2016;2015,The adoption of ground source heat pumps at multiple scales in North America | The adoption of ground source heat pumps at multiple scales in North America
VC025,the proof of the pudding is in the heating a field experiment on household engagement with heat pump flexibility,OA0237;OA0265,10.1016/j.eneco.2025.108565;10.2139/ssrn.5068963,2025;2024,The proof of the pudding is in the heating: A field experiment on household engagement with heat pump flexibility | The Proof of the Pudding is in the Heating: A Field Experiment on Household Engagement with Heat Pump Flexibility
VC026,the role of tailored information on household heat pump demand,OA0118;OA0129,10.1257/rct.14664;10.1257/rct.14664-1.0,2025;2025,The Role of Tailored Information on Household Heat Pump Demand | The Role of Tailored Information on Household Heat Pump Demand
VC027,theoretical and experimental investigation of mass and heat transfer in the drum in household heat pump laundry dryers,OA0337;OA0351,10.11159/enfht22.204;10.11159/jffhmt.2022.004,2022;2022,Theoretical and Experimental Investigation of Mass and Heat Transfer in the Drum in Household Heat Pump Laundry Dryers | Theoretical and Experimental Investigation of Mass and Heat Transfer in the Drum in Household Heat Pump Laundry Dryers
VC028,understanding preferences for low carbon technologies retrofit and ownership models for domestic heating in the uk,OA0467;OA0511,10.2139/ssrn.6213033;10.1016/j.enbuild.2026.118270,2026;2026,"Understanding preferences for low-carbon technologies, retrofit and ownership models for domestic heating in the UK | Understanding preferences for low-carbon technologies, retrofit and ownership models for domestic heating in the UK"
VC029,zeolite y adsorbents with high vapor uptake capacity and robust cycling stability for potential applications in advanced adsorption heat pumps,OA0081;OA0098,10.1016/j.micromeso.2014.09.012,2014;2013,Zeolite Y adsorbents with high vapor uptake capacity and robust cycling stability for potential applications in advanced adsorption heat pumps | Zeolite Y adsorbents with high vapor uptake capacity and robust cycling stability for potential applications in advanced adsorption heat pumps
